{
  "description": "Pipeline for normalizing Zeek http.log",
  "processors": [
    {
      "script": {
        "lang": "painless",
        "source": "ctx.event.created = ctx['@timestamp']; ctx['@timestamp'] = (long)ctx['zeek']['http']['ts'] * 1000; ctx.zeek.http.remove('ts');"
      }
    },
    {
      "set": {
        "field": "event.id",
        "value": "{{zeek.session_id}}",
        "if": "ctx.zeek.session_id != null"
      }
    },
    {
      "set": {
        "field": "source.ip",
        "value": "{{source.address}}"
      }
    },
    {
      "set": {
        "field": "destination.ip",
        "value": "{{destination.address}}"
      }
    },
    {
      "set": {
        "field": "url.port",
        "value": "{{destination.port}}"
      }
    },
    {
      "geoip": {
        "field": "destination.ip",
        "target_field": "destination.geo"
      }
    },
    {
      "geoip": {
        "field": "source.ip",
        "target_field": "source.geo"
      }
    },
    {
      "user_agent": {
        "field": "user_agent.original",
        "ignore_missing": true
      }
    }
  ],
  "on_failure" : [{ 
    "set" : { 
      "field" : "error.message", 
      "value" : "{{ _ingest.on_failure_message }}" 
    } 
  }]
}