{
    "objects": [
        {
            "attributes": {
                "description": "", 
                "hits": 0, 
                "kibanaSavedObjectMeta": {
                    "searchSourceJSON": "{\"filter\": [], \"query\": {\"query\": \"\", \"language\": \"kuery\"}}"
                }, 
                "optionsJSON": "{\"useMargins\": true, \"hidePanelTitles\": false}", 
                "panelsJSON": "[{\"gridData\": {\"i\": \"1\", \"h\": 15, \"y\": 0, \"w\": 31, \"x\": 0}, \"title\": \"Threat outcome histogram\", \"embeddableConfig\": {\"vis\": {\"legendOpen\": false}}, \"version\": \"7.1.0\", \"panelRefName\": \"panel_0\", \"panelIndex\": \"1\"}, {\"gridData\": {\"i\": \"2\", \"h\": 15, \"y\": 15, \"w\": 24, \"x\": 0}, \"title\": \"Top threats by name\", \"embeddableConfig\": {}, \"version\": \"7.1.0\", \"panelRefName\": \"panel_1\", \"panelIndex\": \"2\"}, {\"gridData\": {\"i\": \"3\", \"h\": 15, \"y\": 15, \"w\": 24, \"x\": 24}, \"title\": \"Top threats by resource\", \"embeddableConfig\": {}, \"version\": \"7.1.0\", \"panelRefName\": \"panel_2\", \"panelIndex\": \"3\"}, {\"gridData\": {\"i\": \"4\", \"h\": 8, \"y\": 30, \"w\": 24, \"x\": 0}, \"title\": \"Top attackers (clients)\", \"embeddableConfig\": {}, \"version\": \"7.1.0\", \"panelRefName\": \"panel_3\", \"panelIndex\": \"4\"}, {\"gridData\": {\"i\": \"5\", \"h\": 8, \"y\": 30, \"w\": 24, \"x\": 24}, \"title\": \"Top attackers (servers)\", \"embeddableConfig\": {}, \"version\": \"7.1.0\", \"panelRefName\": \"panel_4\", \"panelIndex\": \"5\"}, {\"gridData\": {\"i\": \"6\", \"h\": 15, \"y\": 0, \"w\": 17, \"x\": 31}, \"title\": \"Outcome by threat type\", \"embeddableConfig\": {\"vis\": {\"legendOpen\": true}}, \"version\": \"7.1.0\", \"panelRefName\": \"panel_5\", \"panelIndex\": \"6\"}]", 
                "timeRestore": false, 
                "title": "[Filebeat PANW] Threats Overview ECS", 
                "version": 1
            }, 
            "id": "772964e0-7591-11e9-aacf-79a3704914a0", 
            "migrationVersion": {
                "dashboard": "7.0.0"
            }, 
            "references": [
                {
                    "id": "0bd2a0c0-7574-11e9-976e-65a8f47cc4c1", 
                    "name": "panel_0", 
                    "type": "visualization"
                }, 
                {
                    "id": "3eca1070-7589-11e9-aacf-79a3704914a0", 
                    "name": "panel_1", 
                    "type": "visualization"
                }, 
                {
                    "id": "5bd32b20-7575-11e9-976e-65a8f47cc4c1", 
                    "name": "panel_2", 
                    "type": "visualization"
                }, 
                {
                    "id": "90ce3300-758a-11e9-aacf-79a3704914a0", 
                    "name": "panel_3", 
                    "type": "visualization"
                }, 
                {
                    "id": "a95aaf20-758a-11e9-aacf-79a3704914a0", 
                    "name": "panel_4", 
                    "type": "visualization"
                }, 
                {
                    "id": "6dce7930-758c-11e9-aacf-79a3704914a0", 
                    "name": "panel_5", 
                    "type": "visualization"
                }
            ], 
            "type": "dashboard", 
            "updated_at": "2019-05-13T15:12:04.141Z", 
            "version": "WzI1NiwyXQ=="
        }, 
        {
            "attributes": {
                "description": "", 
                "kibanaSavedObjectMeta": {
                    "searchSourceJSON": "{\"filter\": [], \"query\": {\"query\": \"\", \"language\": \"kuery\"}}"
                }, 
                "savedSearchRefName": "search_0", 
                "title": "Threat outcome histogram [Filebeat PANW] ECS", 
                "uiStateJSON": "{}", 
                "version": 1, 
                "visState": "{\"type\": \"histogram\", \"params\": {\"seriesParams\": [{\"showCircles\": true, \"show\": \"true\", \"data\": {\"id\": \"1\", \"label\": \"Count\"}, \"mode\": \"stacked\", \"drawLinesBetweenPoints\": true, \"valueAxis\": \"ValueAxis-1\", \"type\": \"histogram\"}], \"type\": \"histogram\", \"categoryAxes\": [{\"style\": {}, \"scale\": {\"type\": \"linear\"}, \"show\": true, \"title\": {}, \"labels\": {\"truncate\": 100, \"show\": true}, \"position\": \"bottom\", \"type\": \"category\", \"id\": \"CategoryAxis-1\"}], \"legendPosition\": \"right\", \"addTimeMarker\": false, \"addLegend\": true, \"grid\": {\"categoryLines\": false}, \"times\": [], \"addTooltip\": true, \"valueAxes\": [{\"style\": {}, \"scale\": {\"type\": \"linear\", \"mode\": \"normal\"}, \"name\": \"LeftAxis-1\", \"show\": true, \"title\": {\"text\": \"Count\"}, \"labels\": {\"filter\": false, \"rotate\": 0, \"truncate\": 100, \"show\": true}, \"position\": \"left\", \"type\": \"value\", \"id\": \"ValueAxis-1\"}]}, \"aggs\": [{\"params\": {}, \"type\": \"count\", \"enabled\": true, \"id\": \"1\", \"schema\": \"metric\"}, {\"params\": {\"timeRange\": {\"to\": \"2018-04-10T04:39:56.264Z\", \"from\": \"2018-04-10T04:36:19.586Z\"}, \"extended_bounds\": {}, \"field\": \"@timestamp\", \"interval\": \"auto\", \"useNormalizedEsInterval\": true, \"drop_partials\": false, \"min_doc_count\": 1, \"customInterval\": \"2h\"}, \"type\": \"date_histogram\", \"enabled\": true, \"id\": \"2\", \"schema\": \"segment\"}, {\"params\": {\"orderBy\": \"1\", \"missingBucket\": false, \"missingBucketLabel\": \"Missing\", \"field\": \"event.outcome\", \"otherBucketLabel\": \"Other\", \"otherBucket\": false, \"order\": \"desc\", \"size\": 5}, \"type\": \"terms\", \"enabled\": true, \"id\": \"3\", \"schema\": \"group\"}], \"title\": \"Threat outcome histogram [Filebeat PANW] ECS\"}"
            }, 
            "id": "0bd2a0c0-7574-11e9-976e-65a8f47cc4c1", 
            "migrationVersion": {
                "visualization": "7.0.1"
            }, 
            "references": [
                {
                    "id": "3cea1360-7569-11e9-976e-65a8f47cc4c1", 
                    "name": "search_0", 
                    "type": "search"
                }
            ], 
            "type": "visualization", 
            "updated_at": "2019-05-13T11:41:28.652Z", 
            "version": "WzI0NiwxXQ=="
        }, 
        {
            "attributes": {
                "description": "", 
                "kibanaSavedObjectMeta": {
                    "searchSourceJSON": "{\"filter\": [], \"query\": {\"query\": \"\", \"language\": \"kuery\"}}"
                }, 
                "savedSearchRefName": "search_0", 
                "title": "Threat ID Cloud [Filebeat PANW] ECS", 
                "uiStateJSON": "{}", 
                "version": 1, 
                "visState": "{\"type\": \"tagcloud\", \"params\": {\"maxFontSize\": 72, \"showLabel\": true, \"minFontSize\": 18, \"orientation\": \"single\", \"scale\": \"linear\"}, \"aggs\": [{\"params\": {}, \"type\": \"count\", \"enabled\": true, \"id\": \"1\", \"schema\": \"metric\"}, {\"params\": {\"orderBy\": \"1\", \"missingBucket\": false, \"missingBucketLabel\": \"Missing\", \"field\": \"panw.panos.threat.name\", \"otherBucketLabel\": \"Other\", \"otherBucket\": false, \"order\": \"desc\", \"size\": 5}, \"type\": \"terms\", \"enabled\": true, \"id\": \"2\", \"schema\": \"segment\"}], \"title\": \"Threat ID Cloud [Filebeat PANW] ECS\"}"
            }, 
            "id": "3eca1070-7589-11e9-aacf-79a3704914a0", 
            "migrationVersion": {
                "visualization": "7.0.1"
            }, 
            "references": [
                {
                    "id": "3cea1360-7569-11e9-976e-65a8f47cc4c1", 
                    "name": "search_0", 
                    "type": "search"
                }
            ], 
            "type": "visualization", 
            "updated_at": "2019-05-13T15:06:36.839Z", 
            "version": "WzI1NSwyXQ=="
        }, 
        {
            "attributes": {
                "description": "", 
                "kibanaSavedObjectMeta": {
                    "searchSourceJSON": "{\"filter\": [], \"query\": {\"query\": \"\", \"language\": \"kuery\"}}"
                }, 
                "savedSearchRefName": "search_0", 
                "title": "Threat Resource Cloud [Filebeat PANW] ECS", 
                "uiStateJSON": "{}", 
                "version": 1, 
                "visState": "{\"type\": \"tagcloud\", \"params\": {\"maxFontSize\": 72, \"showLabel\": true, \"minFontSize\": 18, \"orientation\": \"single\", \"scale\": \"linear\"}, \"aggs\": [{\"params\": {}, \"type\": \"count\", \"enabled\": true, \"id\": \"1\", \"schema\": \"metric\"}, {\"params\": {\"orderBy\": \"1\", \"missingBucket\": false, \"missingBucketLabel\": \"Missing\", \"field\": \"url.original\", \"otherBucketLabel\": \"Other\", \"otherBucket\": false, \"order\": \"desc\", \"size\": 5}, \"type\": \"terms\", \"enabled\": true, \"id\": \"2\", \"schema\": \"segment\"}], \"title\": \"Threat Resource Cloud [Filebeat PANW] ECS\"}"
            }, 
            "id": "5bd32b20-7575-11e9-976e-65a8f47cc4c1", 
            "migrationVersion": {
                "visualization": "7.0.1"
            }, 
            "references": [
                {
                    "id": "3cea1360-7569-11e9-976e-65a8f47cc4c1", 
                    "name": "search_0", 
                    "type": "search"
                }
            ], 
            "type": "visualization", 
            "updated_at": "2019-05-13T11:50:52.370Z", 
            "version": "WzI0NywxXQ=="
        }, 
        {
            "attributes": {
                "description": "", 
                "kibanaSavedObjectMeta": {
                    "searchSourceJSON": "{\"filter\": [{\"query\": {\"match\": {\"network.direction\": {\"query\": \"inbound\", \"type\": \"phrase\"}}}, \"meta\": {\"indexRefName\": \"kibanaSavedObjectMeta.searchSourceJSON.filter[0].meta.index\", \"value\": \"inbound\", \"disabled\": false, \"alias\": null, \"params\": {\"query\": \"inbound\"}, \"key\": \"network.direction\", \"negate\": false, \"type\": \"phrase\"}, \"$state\": {\"store\": \"appState\"}}], \"query\": {\"query\": \"\", \"language\": \"kuery\"}}"
                }, 
                "savedSearchRefName": "search_0", 
                "title": "Top attackers (clients) [Filebeat PANW] ECS", 
                "uiStateJSON": "{\"vis\": {\"params\": {\"sort\": {\"columnIndex\": null, \"direction\": null}}}}", 
                "version": 1, 
                "visState": "{\"type\": \"table\", \"params\": {\"sort\": {\"columnIndex\": null, \"direction\": null}, \"perPage\": 10, \"showPartialRows\": false, \"showMetricsAtAllLevels\": false, \"totalFunc\": \"sum\", \"showTotal\": false}, \"aggs\": [{\"params\": {}, \"type\": \"count\", \"enabled\": true, \"id\": \"1\", \"schema\": \"metric\"}, {\"params\": {\"orderBy\": \"1\", \"missingBucket\": false, \"missingBucketLabel\": \"Missing\", \"field\": \"client.ip\", \"otherBucketLabel\": \"Other\", \"otherBucket\": false, \"order\": \"desc\", \"size\": 5}, \"type\": \"terms\", \"enabled\": true, \"id\": \"2\", \"schema\": \"bucket\"}], \"title\": \"Top attackers (clients) [Filebeat PANW] ECS\"}"
            }, 
            "id": "90ce3300-758a-11e9-aacf-79a3704914a0", 
            "migrationVersion": {
                "visualization": "7.0.1"
            }, 
            "references": [
                {
                    "id": "filebeat-*", 
                    "name": "kibanaSavedObjectMeta.searchSourceJSON.filter[0].meta.index", 
                    "type": "index-pattern"
                }, 
                {
                    "id": "3cea1360-7569-11e9-976e-65a8f47cc4c1", 
                    "name": "search_0", 
                    "type": "search"
                }
            ], 
            "type": "visualization", 
            "updated_at": "2019-05-13T14:22:40.688Z", 
            "version": "WzI1MSwyXQ=="
        }, 
        {
            "attributes": {
                "description": "", 
                "kibanaSavedObjectMeta": {
                    "searchSourceJSON": "{\"filter\": [{\"query\": {\"match\": {\"network.direction\": {\"query\": \"outbound\", \"type\": \"phrase\"}}}, \"meta\": {\"indexRefName\": \"kibanaSavedObjectMeta.searchSourceJSON.filter[0].meta.index\", \"value\": \"outbound\", \"disabled\": false, \"alias\": null, \"params\": {\"query\": \"outbound\"}, \"key\": \"network.direction\", \"negate\": false, \"type\": \"phrase\"}, \"$state\": {\"store\": \"appState\"}}], \"query\": {\"query\": \"\", \"language\": \"kuery\"}}"
                }, 
                "savedSearchRefName": "search_0", 
                "title": "Top attackers (servers) [Filebeat PANW] ECS", 
                "uiStateJSON": "{\"vis\": {\"params\": {\"sort\": {\"columnIndex\": null, \"direction\": null}}}}", 
                "version": 1, 
                "visState": "{\"type\": \"table\", \"params\": {\"sort\": {\"columnIndex\": null, \"direction\": null}, \"perPage\": 10, \"showPartialRows\": false, \"showMetricsAtAllLevels\": false, \"totalFunc\": \"sum\", \"showTotal\": false}, \"aggs\": [{\"params\": {}, \"type\": \"count\", \"enabled\": true, \"id\": \"1\", \"schema\": \"metric\"}, {\"params\": {\"orderBy\": \"1\", \"missingBucket\": false, \"missingBucketLabel\": \"Missing\", \"field\": \"server.ip\", \"otherBucketLabel\": \"Other\", \"otherBucket\": false, \"order\": \"desc\", \"size\": 5}, \"type\": \"terms\", \"enabled\": true, \"id\": \"2\", \"schema\": \"bucket\"}], \"title\": \"Top attackers (servers) [Filebeat PANW] ECS\"}"
            }, 
            "id": "a95aaf20-758a-11e9-aacf-79a3704914a0", 
            "migrationVersion": {
                "visualization": "7.0.1"
            }, 
            "references": [
                {
                    "id": "filebeat-*", 
                    "name": "kibanaSavedObjectMeta.searchSourceJSON.filter[0].meta.index", 
                    "type": "index-pattern"
                }, 
                {
                    "id": "3cea1360-7569-11e9-976e-65a8f47cc4c1", 
                    "name": "search_0", 
                    "type": "search"
                }
            ], 
            "type": "visualization", 
            "updated_at": "2019-05-13T14:23:21.874Z", 
            "version": "WzI1MiwyXQ=="
        }, 
        {
            "attributes": {
                "description": "", 
                "kibanaSavedObjectMeta": {
                    "searchSourceJSON": "{\"filter\": [], \"query\": {\"query\": \"\", \"language\": \"kuery\"}}"
                }, 
                "savedSearchRefName": "search_0", 
                "title": "Outcome by Threat Type [Filebeat PANW] ECS", 
                "uiStateJSON": "{}", 
                "version": 1, 
                "visState": "{\"type\": \"pie\", \"params\": {\"isDonut\": true, \"addTooltip\": true, \"labels\": {\"values\": true, \"last_level\": true, \"truncate\": 100, \"show\": false}, \"legendPosition\": \"right\", \"addLegend\": true, \"type\": \"pie\"}, \"aggs\": [{\"params\": {}, \"type\": \"count\", \"enabled\": true, \"id\": \"1\", \"schema\": \"metric\"}, {\"params\": {\"orderBy\": \"1\", \"missingBucket\": false, \"missingBucketLabel\": \"Missing\", \"field\": \"event.action\", \"otherBucketLabel\": \"Other\", \"otherBucket\": false, \"order\": \"desc\", \"size\": 5}, \"type\": \"terms\", \"enabled\": true, \"id\": \"3\", \"schema\": \"segment\"}, {\"params\": {\"orderBy\": \"1\", \"missingBucket\": true, \"missingBucketLabel\": \"Missing\", \"field\": \"event.outcome\", \"otherBucketLabel\": \"Other\", \"otherBucket\": false, \"order\": \"desc\", \"size\": 5}, \"type\": \"terms\", \"enabled\": true, \"id\": \"2\", \"schema\": \"segment\"}], \"title\": \"Outcome by Threat Type [Filebeat PANW] ECS\"}"
            }, 
            "id": "6dce7930-758c-11e9-aacf-79a3704914a0", 
            "migrationVersion": {
                "visualization": "7.0.1"
            }, 
            "references": [
                {
                    "id": "3cea1360-7569-11e9-976e-65a8f47cc4c1", 
                    "name": "search_0", 
                    "type": "search"
                }
            ], 
            "type": "visualization", 
            "updated_at": "2019-05-13T14:36:00.962Z", 
            "version": "WzI1MywyXQ=="
        }, 
        {
            "attributes": {
                "columns": [
                    "_source"
                ], 
                "description": "", 
                "hits": 0, 
                "kibanaSavedObjectMeta": {
                    "searchSourceJSON": "{\"filter\": [], \"query\": {\"query\": \"panw.panos:* and event.category: \\\"security_threat\\\"\", \"language\": \"kuery\"}, \"indexRefName\": \"kibanaSavedObjectMeta.searchSourceJSON.index\", \"version\": true, \"highlightAll\": true}"
                }, 
                "sort": [
                    "@timestamp", 
                    "desc"
                ], 
                "title": "PAN-OS Threats [Filebeat PANW] ECS", 
                "version": 1
            }, 
            "id": "3cea1360-7569-11e9-976e-65a8f47cc4c1", 
            "migrationVersion": {
                "search": "7.0.0"
            }, 
            "references": [
                {
                    "id": "filebeat-*", 
                    "name": "kibanaSavedObjectMeta.searchSourceJSON.index", 
                    "type": "index-pattern"
                }
            ], 
            "type": "search", 
            "updated_at": "2019-05-13T10:24:06.550Z", 
            "version": "WzIzNiwxXQ=="
        }
    ], 
    "version": "7.1.0"
}