{
    "objects": [
        {
            "attributes": {
                "description": "", 
                "kibanaSavedObjectMeta": {
                    "searchSourceJSON": "{\"filter\": [], \"query\": {\"query\": \"\", \"language\": \"kuery\"}}"
                }, 
                "savedSearchId": "bfc96a60-0a80-11e8-bffe-ff7d4f68cf94-ecs", 
                "title": "Logs Severity [Filebeat MongoDB] ECS", 
                "uiStateJSON": "{}", 
                "version": 1, 
                "visState": "{\"type\": \"pie\", \"params\": {\"legendPosition\": \"right\", \"type\": \"pie\", \"isDonut\": true, \"addTooltip\": true, \"addLegend\": true}, \"aggs\": [{\"params\": {}, \"type\": \"count\", \"enabled\": true, \"id\": \"1\", \"schema\": \"metric\"}, {\"params\": {\"orderBy\": \"1\", \"field\": \"log.level\", \"customLabel\": \"Log severity\", \"order\": \"desc\", \"size\": 5}, \"type\": \"terms\", \"enabled\": true, \"id\": \"2\", \"schema\": \"segment\"}], \"title\": \"Logs Severity [Filebeat MongoDB] ECS\"}"
            }, 
            "id": "0fef5710-0a82-11e8-bffe-ff7d4f68cf94-ecs", 
            "type": "visualization", 
            "version": 3
        }, 
        {
            "attributes": {
                "columns": [
                    "mongodb.log.timestamp", 
                    "log.level", 
                    "mongodb.log.component", 
                    "mongodb.log.context", 
                    "message"
                ], 
                "description": "", 
                "hits": 0, 
                "kibanaSavedObjectMeta": {
                    "searchSourceJSON": "{\"filter\": [], \"index\": \"filebeat-*\", \"version\": true, \"highlightAll\": true, \"query\": {\"query\": \"log.level: F or log.level: W\", \"language\": \"kuery\"}}"
                }, 
                "sort": [
                    "@timestamp", 
                    "desc"
                ], 
                "title": "Error logs [Filebeat MongoDB] ECS", 
                "version": 1
            }, 
            "id": "e49fe000-0a7e-11e8-bffe-ff7d4f68cf94-ecs", 
            "type": "search", 
            "version": 3
        }, 
        {
            "attributes": {
                "columns": [
                    "mongodb.log.timestamp", 
                    "log.level", 
                    "mongodb.log.component", 
                    "mongodb.log.context", 
                    "message"
                ], 
                "description": "", 
                "hits": 0, 
                "kibanaSavedObjectMeta": {
                    "searchSourceJSON": "{\"filter\": [], \"index\": \"filebeat-*\", \"version\": true, \"highlightAll\": true, \"query\": {\"query\": \"log.level: *\", \"language\": \"kuery\"}}"
                }, 
                "sort": [
                    "mongodb.log.timestamp", 
                    "asc"
                ], 
                "title": "All logs [Filebeat MongoDB] ECS", 
                "version": 1
            }, 
            "id": "bfc96a60-0a80-11e8-bffe-ff7d4f68cf94-ecs", 
            "type": "search", 
            "version": 2
        }, 
        {
            "attributes": {
                "description": "Filebeat MongoDB module overview", 
                "hits": 0, 
                "kibanaSavedObjectMeta": {
                    "searchSourceJSON": "{\"filter\": [], \"query\": {\"query\": \"\", \"language\": \"kuery\"}, \"version\": true, \"highlightAll\": true}"
                }, 
                "optionsJSON": "{\"darkTheme\": false}", 
                "panelsJSON": "[{\"type\": \"visualization\", \"id\": \"0fef5710-0a82-11e8-bffe-ff7d4f68cf94-ecs\", \"size_x\": 4, \"size_y\": 3, \"panelIndex\": 1, \"col\": 1, \"row\": 1}, {\"sort\": [\"@timestamp\", \"desc\"], \"type\": \"search\", \"id\": \"e49fe000-0a7e-11e8-bffe-ff7d4f68cf94-ecs\", \"size_x\": 8, \"size_y\": 3, \"panelIndex\": 2, \"col\": 5, \"columns\": [\"mongodb.log.timestamp\", \"log.level\", \"mongodb.log.component\", \"mongodb.log.context\", \"message\"], \"row\": 1}, {\"sort\": [\"mongodb.log.timestamp\", \"asc\"], \"type\": \"search\", \"id\": \"bfc96a60-0a80-11e8-bffe-ff7d4f68cf94-ecs\", \"size_x\": 12, \"size_y\": 6, \"panelIndex\": 3, \"col\": 1, \"columns\": [\"mongodb.log.timestamp\", \"log.level\", \"mongodb.log.component\", \"mongodb.log.context\", \"message\"], \"row\": 4}]", 
                "timeRestore": false, 
                "title": "Overview [Filebeat MongoDB] ECS", 
                "uiStateJSON": "{}", 
                "version": 1
            }, 
            "id": "abcf35b0-0a82-11e8-bffe-ff7d4f68cf94-ecs", 
            "type": "dashboard", 
            "version": 2
        }
    ], 
    "version": "6.0.0"
}