{
    "objects": [
        {
            "attributes": {
                "description": "", 
                "hits": 0, 
                "kibanaSavedObjectMeta": {
                    "searchSourceJSON": "{\"filter\": [], \"query\": {\"query\": \"\", \"language\": \"kuery\"}}"
                }, 
                "optionsJSON": "{\"useMargins\": true, \"hidePanelTitles\": false}", 
                "panelsJSON": "[{\"gridData\": {\"i\": \"1\", \"h\": 15, \"y\": 0, \"w\": 24, \"x\": 24}, \"panelRefName\": \"panel_0\", \"version\": \"7.1.0\", \"panelIndex\": \"1\", \"embeddableConfig\": {}}, {\"gridData\": {\"i\": \"2\", \"h\": 15, \"y\": 0, \"w\": 24, \"x\": 0}, \"panelRefName\": \"panel_1\", \"version\": \"7.1.0\", \"panelIndex\": \"2\", \"embeddableConfig\": {}}, {\"gridData\": {\"i\": \"3\", \"h\": 15, \"y\": 15, \"w\": 24, \"x\": 0}, \"panelRefName\": \"panel_2\", \"version\": \"7.1.0\", \"panelIndex\": \"3\", \"embeddableConfig\": {\"vis\": {\"legendOpen\": false}}}, {\"gridData\": {\"i\": \"4\", \"h\": 15, \"y\": 15, \"w\": 12, \"x\": 24}, \"panelRefName\": \"panel_3\", \"version\": \"7.1.0\", \"panelIndex\": \"4\", \"embeddableConfig\": {\"vis\": {\"legendOpen\": false}}}, {\"gridData\": {\"i\": \"5\", \"h\": 15, \"y\": 15, \"w\": 12, \"x\": 36}, \"panelRefName\": \"panel_4\", \"version\": \"7.1.0\", \"panelIndex\": \"5\", \"embeddableConfig\": {}}, {\"gridData\": {\"i\": \"6\", \"h\": 15, \"y\": 30, \"w\": 24, \"x\": 0}, \"panelRefName\": \"panel_5\", \"version\": \"7.1.0\", \"panelIndex\": \"6\", \"embeddableConfig\": {}}, {\"gridData\": {\"i\": \"7\", \"h\": 15, \"y\": 30, \"w\": 24, \"x\": 24}, \"panelRefName\": \"panel_6\", \"version\": \"7.1.0\", \"panelIndex\": \"7\", \"embeddableConfig\": {}}]", 
                "timeRestore": false, 
                "title": "[Filebeat PANW] Network Flows ECS", 
                "version": 1
            }, 
            "id": "e40ba240-7572-11e9-976e-65a8f47cc4c1", 
            "migrationVersion": {
                "dashboard": "7.0.0"
            }, 
            "references": [
                {
                    "id": "091fe860-756a-11e9-976e-65a8f47cc4c1", 
                    "name": "panel_0", 
                    "type": "visualization"
                }, 
                {
                    "id": "87f30f60-7569-11e9-976e-65a8f47cc4c1", 
                    "name": "panel_1", 
                    "type": "visualization"
                }, 
                {
                    "id": "78e7e820-756d-11e9-976e-65a8f47cc4c1", 
                    "name": "panel_2", 
                    "type": "visualization"
                }, 
                {
                    "id": "d9cab170-756f-11e9-976e-65a8f47cc4c1", 
                    "name": "panel_3", 
                    "type": "visualization"
                }, 
                {
                    "id": "135930b0-7570-11e9-976e-65a8f47cc4c1", 
                    "name": "panel_4", 
                    "type": "visualization"
                }, 
                {
                    "id": "e46331c0-756a-11e9-976e-65a8f47cc4c1", 
                    "name": "panel_5", 
                    "type": "visualization"
                }, 
                {
                    "id": "0407a3e0-756f-11e9-976e-65a8f47cc4c1", 
                    "name": "panel_6", 
                    "type": "visualization"
                }
            ], 
            "type": "dashboard", 
            "updated_at": "2019-05-13T11:33:12.420Z", 
            "version": "WzI0NSwxXQ=="
        }, 
        {
            "attributes": {
                "description": "", 
                "kibanaSavedObjectMeta": {
                    "searchSourceJSON": "{\"filter\": [], \"query\": {\"query\": \"\", \"language\": \"kuery\"}}"
                }, 
                "savedSearchRefName": "search_0", 
                "title": "Destination Flows Map [Filebeat PANW] ECS", 
                "uiStateJSON": "{}", 
                "version": 1, 
                "visState": "{\"type\": \"tile_map\", \"params\": {\"mapCenter\": [0, 0], \"mapZoom\": 2, \"colorSchema\": \"Yellow to Red\", \"wms\": {\"enabled\": false, \"options\": {\"transparent\": true, \"format\": \"image/png\"}}, \"legendPosition\": \"bottomright\", \"heatClusterSize\": 1.5, \"mapType\": \"Scaled Circle Markers\", \"isDesaturated\": true, \"addTooltip\": true}, \"aggs\": [{\"params\": {}, \"type\": \"count\", \"enabled\": true, \"id\": \"1\", \"schema\": \"metric\"}, {\"params\": {\"mapCenter\": [0, 0], \"useGeocentroid\": true, \"isFilteredByCollar\": true, \"precision\": 2, \"mapZoom\": 2, \"field\": \"destination.geo.location\", \"autoPrecision\": true}, \"type\": \"geohash_grid\", \"enabled\": true, \"id\": \"2\", \"schema\": \"segment\"}], \"title\": \"Destination Flows Map [Filebeat PANW] ECS\"}"
            }, 
            "id": "091fe860-756a-11e9-976e-65a8f47cc4c1", 
            "migrationVersion": {
                "visualization": "7.0.1"
            }, 
            "references": [
                {
                    "id": "290685e0-7569-11e9-976e-65a8f47cc4c1", 
                    "name": "search_0", 
                    "type": "search"
                }
            ], 
            "type": "visualization", 
            "updated_at": "2019-05-13T10:29:49.158Z", 
            "version": "WzIzOCwxXQ=="
        }, 
        {
            "attributes": {
                "description": "", 
                "kibanaSavedObjectMeta": {
                    "searchSourceJSON": "{\"filter\": [], \"query\": {\"query\": \"\", \"language\": \"kuery\"}}"
                }, 
                "savedSearchRefName": "search_0", 
                "title": "Source Flows Map [Filebeat PANW] ECS", 
                "uiStateJSON": "{\"mapCenter\": [-0.17578097424708533, 0.17578125], \"mapZoom\": 1}", 
                "version": 1, 
                "visState": "{\"type\": \"tile_map\", \"params\": {\"mapCenter\": [0, 0], \"mapZoom\": 2, \"colorSchema\": \"Yellow to Red\", \"wms\": {\"enabled\": false, \"options\": {\"transparent\": true, \"format\": \"image/png\"}}, \"legendPosition\": \"bottomright\", \"heatClusterSize\": 1.5, \"mapType\": \"Scaled Circle Markers\", \"isDesaturated\": true, \"addTooltip\": true}, \"aggs\": [{\"params\": {}, \"type\": \"count\", \"enabled\": true, \"id\": \"1\", \"schema\": \"metric\"}, {\"params\": {\"mapCenter\": [0, 0], \"useGeocentroid\": true, \"isFilteredByCollar\": true, \"precision\": 2, \"mapZoom\": 2, \"field\": \"source.geo.location\", \"autoPrecision\": true}, \"type\": \"geohash_grid\", \"enabled\": true, \"id\": \"2\", \"schema\": \"segment\"}], \"title\": \"Source Flows Map [Filebeat PANW] ECS\"}"
            }, 
            "id": "87f30f60-7569-11e9-976e-65a8f47cc4c1", 
            "migrationVersion": {
                "visualization": "7.0.1"
            }, 
            "references": [
                {
                    "id": "290685e0-7569-11e9-976e-65a8f47cc4c1", 
                    "name": "search_0", 
                    "type": "search"
                }
            ], 
            "type": "visualization", 
            "updated_at": "2019-05-13T10:26:12.438Z", 
            "version": "WzIzNywxXQ=="
        }, 
        {
            "attributes": {
                "description": "", 
                "kibanaSavedObjectMeta": {
                    "searchSourceJSON": "{\"filter\": [{\"query\": {\"match\": {\"event.action\": {\"query\": \"flow_terminated\", \"type\": \"phrase\"}}}, \"meta\": {\"indexRefName\": \"kibanaSavedObjectMeta.searchSourceJSON.filter[0].meta.index\", \"value\": \"flow_terminated\", \"disabled\": false, \"alias\": null, \"params\": {\"query\": \"flow_terminated\"}, \"key\": \"event.action\", \"negate\": true, \"type\": \"phrase\"}, \"$state\": {\"store\": \"appState\"}}], \"query\": {\"query\": \"\", \"language\": \"kuery\"}}"
                }, 
                "savedSearchRefName": "search_0", 
                "title": "Flow Creation Histogram [Filebeat PANW] ECS", 
                "uiStateJSON": "{}", 
                "version": 1, 
                "visState": "{\"type\": \"histogram\", \"params\": {\"seriesParams\": [{\"showCircles\": true, \"show\": \"true\", \"data\": {\"id\": \"1\", \"label\": \"Count\"}, \"mode\": \"stacked\", \"drawLinesBetweenPoints\": true, \"valueAxis\": \"ValueAxis-1\", \"type\": \"histogram\"}], \"type\": \"histogram\", \"categoryAxes\": [{\"style\": {}, \"scale\": {\"type\": \"linear\"}, \"show\": true, \"title\": {}, \"labels\": {\"truncate\": 100, \"show\": true}, \"position\": \"bottom\", \"type\": \"category\", \"id\": \"CategoryAxis-1\"}], \"legendPosition\": \"right\", \"addTimeMarker\": false, \"addLegend\": true, \"grid\": {\"categoryLines\": false}, \"times\": [], \"addTooltip\": true, \"valueAxes\": [{\"style\": {}, \"scale\": {\"type\": \"linear\", \"mode\": \"normal\"}, \"name\": \"LeftAxis-1\", \"show\": true, \"title\": {\"text\": \"Count\"}, \"labels\": {\"filter\": false, \"rotate\": 0, \"truncate\": 100, \"show\": true}, \"position\": \"left\", \"type\": \"value\", \"id\": \"ValueAxis-1\"}]}, \"aggs\": [{\"params\": {}, \"type\": \"count\", \"enabled\": true, \"id\": \"1\", \"schema\": \"metric\"}, {\"params\": {\"timeRange\": {\"to\": \"2018-04-10T04:39:56.264Z\", \"from\": \"2018-04-10T04:36:19.586Z\"}, \"extended_bounds\": {}, \"field\": \"@timestamp\", \"interval\": \"auto\", \"useNormalizedEsInterval\": true, \"drop_partials\": false, \"min_doc_count\": 1, \"customInterval\": \"2h\"}, \"type\": \"date_histogram\", \"enabled\": true, \"id\": \"2\", \"schema\": \"segment\"}, {\"params\": {\"orderBy\": \"1\", \"missingBucket\": false, \"missingBucketLabel\": \"Missing\", \"field\": \"event.outcome\", \"otherBucketLabel\": \"Other\", \"otherBucket\": false, \"order\": \"desc\", \"size\": 5}, \"type\": \"terms\", \"enabled\": true, \"id\": \"3\", \"schema\": \"group\"}], \"title\": \"Flow Creation Histogram [Filebeat PANW] ECS\"}"
            }, 
            "id": "78e7e820-756d-11e9-976e-65a8f47cc4c1", 
            "migrationVersion": {
                "visualization": "7.0.1"
            }, 
            "references": [
                {
                    "id": "filebeat-*", 
                    "name": "kibanaSavedObjectMeta.searchSourceJSON.filter[0].meta.index", 
                    "type": "index-pattern"
                }, 
                {
                    "id": "290685e0-7569-11e9-976e-65a8f47cc4c1", 
                    "name": "search_0", 
                    "type": "search"
                }
            ], 
            "type": "visualization", 
            "updated_at": "2019-05-13T10:54:25.186Z", 
            "version": "WzI0MCwxXQ=="
        }, 
        {
            "attributes": {
                "description": "", 
                "kibanaSavedObjectMeta": {
                    "searchSourceJSON": "{\"filter\": [{\"query\": {\"match\": {\"event.action\": {\"query\": \"flow_started\", \"type\": \"phrase\"}}}, \"meta\": {\"indexRefName\": \"kibanaSavedObjectMeta.searchSourceJSON.filter[0].meta.index\", \"value\": \"flow_started\", \"disabled\": false, \"alias\": null, \"params\": {\"query\": \"flow_started\"}, \"key\": \"event.action\", \"negate\": true, \"type\": \"phrase\"}, \"$state\": {\"store\": \"appState\"}}], \"query\": {\"query\": \"\", \"language\": \"kuery\"}}"
                }, 
                "savedSearchRefName": "search_0", 
                "title": "Source Zone breakout [Filebeat PANW] ECS", 
                "uiStateJSON": "{}", 
                "version": 1, 
                "visState": "{\"type\": \"horizontal_bar\", \"params\": {\"seriesParams\": [{\"showCircles\": true, \"show\": true, \"data\": {\"id\": \"1\", \"label\": \"Count\"}, \"mode\": \"normal\", \"drawLinesBetweenPoints\": true, \"valueAxis\": \"ValueAxis-1\", \"type\": \"histogram\"}], \"type\": \"histogram\", \"categoryAxes\": [{\"style\": {}, \"scale\": {\"type\": \"linear\"}, \"show\": true, \"title\": {}, \"labels\": {\"filter\": false, \"rotate\": 0, \"truncate\": 200, \"show\": true}, \"position\": \"left\", \"type\": \"category\", \"id\": \"CategoryAxis-1\"}], \"legendPosition\": \"right\", \"addTimeMarker\": false, \"addLegend\": true, \"grid\": {\"categoryLines\": false}, \"times\": [], \"addTooltip\": true, \"valueAxes\": [{\"style\": {}, \"scale\": {\"type\": \"linear\", \"mode\": \"normal\"}, \"name\": \"LeftAxis-1\", \"show\": true, \"title\": {\"text\": \"Count\"}, \"labels\": {\"filter\": true, \"rotate\": 75, \"truncate\": 100, \"show\": true}, \"position\": \"bottom\", \"type\": \"value\", \"id\": \"ValueAxis-1\"}]}, \"aggs\": [{\"params\": {}, \"type\": \"count\", \"enabled\": true, \"id\": \"1\", \"schema\": \"metric\"}, {\"params\": {\"orderBy\": \"1\", \"missingBucket\": false, \"missingBucketLabel\": \"Missing\", \"field\": \"panw.panos.source.zone\", \"otherBucketLabel\": \"Other\", \"otherBucket\": false, \"order\": \"desc\", \"size\": 5}, \"type\": \"terms\", \"enabled\": true, \"id\": \"2\", \"schema\": \"segment\"}, {\"params\": {\"orderBy\": \"1\", \"missingBucket\": false, \"missingBucketLabel\": \"Missing\", \"field\": \"event.outcome\", \"otherBucketLabel\": \"Other\", \"otherBucket\": false, \"order\": \"desc\", \"size\": 5}, \"type\": \"terms\", \"enabled\": true, \"id\": \"3\", \"schema\": \"group\"}], \"title\": \"Source Zone breakout [Filebeat PANW] ECS\"}"
            }, 
            "id": "d9cab170-756f-11e9-976e-65a8f47cc4c1", 
            "migrationVersion": {
                "visualization": "7.0.1"
            }, 
            "references": [
                {
                    "id": "filebeat-*", 
                    "name": "kibanaSavedObjectMeta.searchSourceJSON.filter[0].meta.index", 
                    "type": "index-pattern"
                }, 
                {
                    "id": "290685e0-7569-11e9-976e-65a8f47cc4c1", 
                    "name": "search_0", 
                    "type": "search"
                }
            ], 
            "type": "visualization", 
            "updated_at": "2019-05-13T11:12:26.462Z", 
            "version": "WzI0MywxXQ=="
        }, 
        {
            "attributes": {
                "description": "", 
                "kibanaSavedObjectMeta": {
                    "searchSourceJSON": "{\"filter\": [{\"query\": {\"match\": {\"event.action\": {\"query\": \"flow_started\", \"type\": \"phrase\"}}}, \"meta\": {\"indexRefName\": \"kibanaSavedObjectMeta.searchSourceJSON.filter[0].meta.index\", \"value\": \"flow_started\", \"disabled\": false, \"alias\": null, \"params\": {\"query\": \"flow_started\"}, \"key\": \"event.action\", \"negate\": true, \"type\": \"phrase\"}, \"$state\": {\"store\": \"appState\"}}], \"query\": {\"query\": \"\", \"language\": \"kuery\"}}"
                }, 
                "savedSearchRefName": "search_0", 
                "title": "Destination Zone breakout [Filebeat PANW] ECS", 
                "uiStateJSON": "{}", 
                "version": 1, 
                "visState": "{\"type\": \"horizontal_bar\", \"params\": {\"seriesParams\": [{\"showCircles\": true, \"show\": true, \"data\": {\"id\": \"1\", \"label\": \"Count\"}, \"mode\": \"normal\", \"drawLinesBetweenPoints\": true, \"valueAxis\": \"ValueAxis-1\", \"type\": \"histogram\"}], \"type\": \"histogram\", \"categoryAxes\": [{\"style\": {}, \"scale\": {\"type\": \"linear\"}, \"show\": true, \"title\": {}, \"labels\": {\"filter\": false, \"rotate\": 0, \"truncate\": 200, \"show\": true}, \"position\": \"left\", \"type\": \"category\", \"id\": \"CategoryAxis-1\"}], \"legendPosition\": \"right\", \"addTimeMarker\": false, \"addLegend\": true, \"grid\": {\"categoryLines\": false}, \"times\": [], \"addTooltip\": true, \"valueAxes\": [{\"style\": {}, \"scale\": {\"type\": \"linear\", \"mode\": \"normal\"}, \"name\": \"LeftAxis-1\", \"show\": true, \"title\": {\"text\": \"Count\"}, \"labels\": {\"filter\": true, \"rotate\": 75, \"truncate\": 100, \"show\": true}, \"position\": \"bottom\", \"type\": \"value\", \"id\": \"ValueAxis-1\"}]}, \"aggs\": [{\"params\": {}, \"type\": \"count\", \"enabled\": true, \"id\": \"1\", \"schema\": \"metric\"}, {\"params\": {\"orderBy\": \"1\", \"missingBucket\": false, \"missingBucketLabel\": \"Missing\", \"field\": \"panw.panos.destination.zone\", \"otherBucketLabel\": \"Other\", \"otherBucket\": false, \"order\": \"desc\", \"size\": 5}, \"type\": \"terms\", \"enabled\": true, \"id\": \"2\", \"schema\": \"segment\"}, {\"params\": {\"orderBy\": \"1\", \"missingBucket\": false, \"missingBucketLabel\": \"Missing\", \"field\": \"event.outcome\", \"otherBucketLabel\": \"Other\", \"otherBucket\": false, \"order\": \"desc\", \"size\": 5}, \"type\": \"terms\", \"enabled\": true, \"id\": \"3\", \"schema\": \"group\"}], \"title\": \"Destination Zone breakout [Filebeat PANW] ECS\"}"
            }, 
            "id": "135930b0-7570-11e9-976e-65a8f47cc4c1", 
            "migrationVersion": {
                "visualization": "7.0.1"
            }, 
            "references": [
                {
                    "id": "filebeat-*", 
                    "name": "kibanaSavedObjectMeta.searchSourceJSON.filter[0].meta.index", 
                    "type": "index-pattern"
                }, 
                {
                    "id": "290685e0-7569-11e9-976e-65a8f47cc4c1", 
                    "name": "search_0", 
                    "type": "search"
                }
            ], 
            "type": "visualization", 
            "updated_at": "2019-05-13T11:13:03.291Z", 
            "version": "WzI0NCwxXQ=="
        }, 
        {
            "attributes": {
                "description": "", 
                "kibanaSavedObjectMeta": {
                    "searchSourceJSON": "{\"filter\": [], \"query\": {\"query\": \"\", \"language\": \"kuery\"}}"
                }, 
                "savedSearchRefName": "search_0", 
                "title": "Event Outcome by Transport and Destination Port [Filebeat PANW] ECS", 
                "uiStateJSON": "{}", 
                "version": 1, 
                "visState": "{\"type\": \"pie\", \"params\": {\"isDonut\": true, \"addTooltip\": true, \"labels\": {\"values\": true, \"last_level\": true, \"truncate\": 100, \"show\": false}, \"legendPosition\": \"right\", \"addLegend\": true, \"type\": \"pie\"}, \"aggs\": [{\"params\": {}, \"type\": \"count\", \"enabled\": true, \"id\": \"1\", \"schema\": \"metric\"}, {\"params\": {\"orderBy\": \"1\", \"missingBucket\": false, \"missingBucketLabel\": \"Missing\", \"field\": \"event.outcome\", \"otherBucketLabel\": \"Other\", \"otherBucket\": false, \"order\": \"desc\", \"size\": 5}, \"type\": \"terms\", \"enabled\": true, \"id\": \"2\", \"schema\": \"segment\"}, {\"params\": {\"orderBy\": \"1\", \"missingBucket\": false, \"missingBucketLabel\": \"Missing\", \"field\": \"network.transport\", \"otherBucketLabel\": \"Other\", \"otherBucket\": false, \"order\": \"desc\", \"size\": 5}, \"type\": \"terms\", \"enabled\": true, \"id\": \"3\", \"schema\": \"segment\"}, {\"params\": {\"orderBy\": \"1\", \"missingBucket\": false, \"missingBucketLabel\": \"Missing\", \"field\": \"destination.port\", \"otherBucketLabel\": \"Other\", \"otherBucket\": false, \"order\": \"desc\", \"size\": 5}, \"type\": \"terms\", \"enabled\": true, \"id\": \"4\", \"schema\": \"segment\"}], \"title\": \"Event Outcome by Transport and Destination Port [Filebeat PANW] ECS\"}"
            }, 
            "id": "e46331c0-756a-11e9-976e-65a8f47cc4c1", 
            "migrationVersion": {
                "visualization": "7.0.1"
            }, 
            "references": [
                {
                    "id": "290685e0-7569-11e9-976e-65a8f47cc4c1", 
                    "name": "search_0", 
                    "type": "search"
                }
            ], 
            "type": "visualization", 
            "updated_at": "2019-05-13T10:35:57.020Z", 
            "version": "WzIzOSwxXQ=="
        }, 
        {
            "attributes": {
                "description": "", 
                "kibanaSavedObjectMeta": {
                    "searchSourceJSON": "{\"filter\": [], \"query\": {\"query\": \"\", \"language\": \"kuery\"}}"
                }, 
                "savedSearchRefName": "search_0", 
                "title": "Network Application breakout [Filebeat PANW] ECS", 
                "uiStateJSON": "{}", 
                "version": 1, 
                "visState": "{\"type\": \"pie\", \"params\": {\"isDonut\": true, \"addTooltip\": true, \"labels\": {\"values\": true, \"last_level\": true, \"truncate\": 100, \"show\": false}, \"legendPosition\": \"right\", \"addLegend\": true, \"type\": \"pie\"}, \"aggs\": [{\"params\": {}, \"type\": \"count\", \"enabled\": true, \"id\": \"1\", \"schema\": \"metric\"}, {\"params\": {\"orderBy\": \"1\", \"missingBucket\": false, \"missingBucketLabel\": \"Missing\", \"field\": \"event.outcome\", \"otherBucketLabel\": \"Other\", \"otherBucket\": false, \"order\": \"desc\", \"size\": 5}, \"type\": \"terms\", \"enabled\": true, \"id\": \"2\", \"schema\": \"segment\"}, {\"params\": {\"orderBy\": \"1\", \"missingBucket\": false, \"missingBucketLabel\": \"Missing\", \"field\": \"network.application\", \"otherBucketLabel\": \"Other\", \"otherBucket\": false, \"order\": \"desc\", \"size\": 5}, \"type\": \"terms\", \"enabled\": true, \"id\": \"3\", \"schema\": \"segment\"}], \"title\": \"Network Application breakout [Filebeat PANW] ECS\"}"
            }, 
            "id": "0407a3e0-756f-11e9-976e-65a8f47cc4c1", 
            "migrationVersion": {
                "visualization": "7.0.1"
            }, 
            "references": [
                {
                    "id": "290685e0-7569-11e9-976e-65a8f47cc4c1", 
                    "name": "search_0", 
                    "type": "search"
                }
            ], 
            "type": "visualization", 
            "updated_at": "2019-05-13T11:05:28.094Z", 
            "version": "WzI0MSwxXQ=="
        }, 
        {
            "attributes": {
                "columns": [
                    "_source"
                ], 
                "description": "", 
                "hits": 0, 
                "kibanaSavedObjectMeta": {
                    "searchSourceJSON": "{\"filter\": [], \"query\": {\"query\": \"panw.panos:* and event.category: \\\"network_traffic\\\"\", \"language\": \"kuery\"}, \"indexRefName\": \"kibanaSavedObjectMeta.searchSourceJSON.index\", \"version\": true, \"highlightAll\": true}"
                }, 
                "sort": [
                    "@timestamp", 
                    "desc"
                ], 
                "title": "PAN-OS Flows [Filebeat PANW] ECS", 
                "version": 1
            }, 
            "id": "290685e0-7569-11e9-976e-65a8f47cc4c1", 
            "migrationVersion": {
                "search": "7.0.0"
            }, 
            "references": [
                {
                    "id": "filebeat-*", 
                    "name": "kibanaSavedObjectMeta.searchSourceJSON.index", 
                    "type": "index-pattern"
                }
            ], 
            "type": "search", 
            "updated_at": "2019-05-13T10:23:33.182Z", 
            "version": "WzIzNSwxXQ=="
        }
    ], 
    "version": "7.1.0"
}